50005,notfound
50006,notfound
50007,timeout
50011,notfound
50017,notfound
50020,notfound
50021,notfound
50029,notfound
50034,notfound
50040,notfound
50046,notfound
50075,notfound
50079,notfound
50081,notfound
50082,notfound
50083,notfound
50087,notfound
50090,notfound
50097,notfound
50101,notfound
50105,notfound
50107,notfound
50109,notfound
50110,notfound
50117,notfound
50125,notfound
50134,notfound
50138,notfound
50142,notfound
50146,notfound
50155,notfound
50161,timeout
50164,notfound
50174,timeout
50179,notfound
50180,notfound
50188,notfound
50190,notfound
50202,notfound
50211,notfound
50230,notfound
50235,notfound
50244,notfound
50245,notfound
50246,notfound
50249,notfound
50250,notfound
50259,notfound
50268,notfound
50269,notfound
50271,notfound
50278,notfound
50283,notfound
50290,notfound
50291,notfound
50298,notfound
50308,timeout
50315,notfound
50320,notfound
50323,notfound
50328,notfound
50333,notfound
50340,notfound
50351,notfound
50363,notfound
50366,notfound
50368,notfound
50378,notfound
50381,notfound
50392,notfound
50397,notfound
50399,notfound
50400,notfound
50401,notfound
50404,notfound
50408,notfound
50409,notfound
50414,timeout
50425,notfound
50426,notfound
50437,notfound
50440,notfound
50445,notfound
50447,notfound
50451,notfound
50459,notfound
50466,notfound
50471,notfound
50473,notfound
50486,notfound
50495,notfound
50500,notfound
50501,notfound
50508,notfound
50516,notfound
50522,notfound
50530,notfound
50541,notfound
50543,notfound
50544,notfound
50548,notfound
50557,notfound
50568,notfound
50573,notfound
50581,notfound
50587,notfound
50595,notfound
50602,notfound
50604,notfound
50607,notfound
50614,notfound
50615,notfound
50629,notfound
50633,notfound
50634,notfound
50635,notfound
50640,notfound
50645,notfound
50654,notfound
50662,notfound
50683,notfound
50686,notfound
50692,notfound
50703,notfound
50704,notfound
50711,notfound
50730,notfound
50744,notfound
50750,timeout
50753,notfound
50779,notfound
50782,notfound
50787,notfound
50788,notfound
50794,notfound
50801,notfound
50806,notfound
50815,notfound
50821,notfound
50824,notfound
50826,notfound
50837,notfound
50843,timeout
50845,notfound
50847,notfound
50851,notfound
50865,notfound
50870,notfound
50883,notfound
50887,notfound
50896,notfound
50915,notfound
50921,notfound
50926,notfound
50936,notfound
50941,notfound
50942,notfound
50948,notfound
50957,notfound
50964,notfound
50973,notfound
50975,notfound
50986,notfound
50988,notfound
50991,notfound
50995,notfound
50998,notfound
50999,timeout
51003,notfound
51006,notfound
51008,notfound
51010,notfound
51011,notfound
51020,notfound
51021,notfound
51026,notfound
51032,notfound
51036,notfound
51037,notfound
51042,notfound
51044,notfound
51049,notfound
51074,notfound
51087,notfound
51092,notfound
51108,notfound
51109,notfound
51110,notfound
51118,notfound
51119,notfound
51131,notfound
51147,notfound
51148,notfound
51166,notfound
51167,notfound
51170,notfound
51177,notfound
51178,notfound
51185,notfound
51187,notfound
51190,notfound
51192,notfound
51195,notfound
51196,notfound
51210,notfound
51221,notfound
51222,notfound
51228,notfound
51234,notfound
51235,notfound
51239,notfound
51246,notfound
51289,notfound
51296,notfound
51306,notfound
51309,notfound
51324,notfound
51345,notfound
51348,notfound
51351,notfound
51359,notfound
51365,notfound
51367,notfound
51422,notfound
51423,notfound
51425,notfound
51430,notfound
51454,notfound
51469,notfound
51472,notfound
51480,notfound
51486,notfound
51499,notfound
51500,notfound
51514,notfound
51518,notfound
51535,notfound
51536,notfound
51537,notfound
51538,notfound
51540,notfound
51548,notfound
51549,notfound
51566,notfound
51570,notfound
51571,notfound
51576,notfound
51580,notfound
51581,notfound
51585,notfound
51596,notfound
51597,notfound
51610,notfound
51611,notfound
51626,notfound
51630,notfound
51639,notfound
51643,notfound
51650,notfound
51651,notfound
51668,notfound
51669,notfound
51680,notfound
51690,notfound
51691,notfound
51693,notfound
51695,notfound
51730,notfound
51739,notfound
51745,notfound
51763,notfound
51770,notfound
51771,notfound
51776,notfound
51783,notfound
51787,notfound
51790,notfound
51802,notfound
51803,notfound
51807,notfound
51813,notfound
51817,notfound
51821,notfound
51828,notfound
51838,notfound
51850,notfound
51854,notfound
51860,notfound
51862,notfound
51866,notfound
51874,notfound
51886,notfound
51892,notfound
51894,notfound
51922,notfound
51924,notfound
51939,notfound
51945,notfound
51950,notfound
51952,notfound
51955,notfound
51957,notfound
51962,notfound
51968,notfound
51973,notfound
51977,notfound
51980,notfound
51984,notfound
51985,notfound
51990,notfound
51999,notfound
52002,notfound
52004,notfound
52021,notfound
52029,notfound
52036,notfound
52044,notfound
52056,notfound
52062,notfound
52064,notfound
52065,notfound
52070,notfound
52086,notfound
52089,notfound
52092,notfound
52096,notfound
52114,notfound
52119,notfound
52121,notfound
52129,notfound
52156,notfound
52158,notfound
52160,notfound
52168,notfound
52188,notfound
52195,notfound
52201,notfound
52203,notfound
52204,notfound
52206,notfound
52208,notfound
52216,notfound
52218,notfound
52221,notfound
52223,notfound
52239,notfound
52240,notfound
52246,notfound
52249,notfound
52252,notfound
52264,notfound
52268,notfound
52269,notfound
52272,notfound
52273,notfound
52274,notfound
52277,notfound
52281,notfound
52282,notfound
52285,notfound
52289,notfound
52290,notfound
52297,notfound
52298,notfound
52301,notfound
52303,notfound
52310,notfound
52316,notfound
52331,notfound
52339,notfound
52353,notfound
52358,notfound
52366,notfound
52372,notfound
52381,notfound
52382,notfound
52385,notfound
52419,notfound
52433,notfound
52444,notfound
52451,notfound
52472,notfound
52476,notfound
52481,notfound
52482,notfound
52483,notfound
52484,notfound
52486,notfound
52489,notfound
52493,notfound
52509,notfound
52513,notfound
52519,notfound
52532,notfound
52533,notfound
52535,notfound
52539,notfound
52552,notfound
52556,notfound
52561,notfound
52572,notfound
52581,notfound
52591,notfound
52594,notfound
52620,notfound
52636,notfound
52637,notfound
52638,notfound
52644,notfound
52651,notfound
52658,notfound
52663,notfound
52664,notfound
52674,notfound
52680,notfound
52689,notfound
52694,notfound
52698,notfound
52700,notfound
52706,notfound
52712,notfound
52713,notfound
52726,notfound
52732,notfound
52740,notfound
52741,notfound
52750,notfound
52751,notfound
52755,notfound
52760,notfound
52763,notfound
52766,notfound
52767,notfound
52769,notfound
52776,notfound
52779,notfound
52783,notfound
52784,notfound
52800,notfound
52804,notfound
52818,notfound
52827,notfound
52828,notfound
52830,notfound
52835,notfound
52841,notfound
52848,notfound
52852,notfound
52856,notfound
52861,notfound
52866,notfound
52873,notfound
52876,notfound
52889,notfound
52897,notfound
52917,notfound
52926,notfound
52931,notfound
52953,notfound
52955,notfound
52957,notfound
52959,notfound
52978,notfound
52999,notfound
53015,notfound
53025,notfound
53028,notfound
53035,notfound
53037,notfound
53038,notfound
53039,notfound
53040,notfound
53046,notfound
53052,notfound
53059,notfound
53064,notfound
53065,notfound
53067,notfound
53076,notfound
53079,notfound
53080,notfound
53083,notfound
53085,notfound
53088,notfound
53093,notfound
53094,notfound
53096,notfound
53098,notfound
53107,notfound
53141,notfound
53146,notfound
53159,notfound
53168,notfound
53170,notfound
53181,notfound
53184,notfound
53191,notfound
53212,notfound
53224,notfound
53226,notfound
53227,notfound
53232,notfound
53243,notfound
53249,notfound
53250,notfound
53280,notfound
53281,notfound
53284,notfound
53303,notfound
53304,notfound
53307,notfound
53308,notfound
53310,notfound
53319,notfound
53330,notfound
53331,notfound
53342,notfound
53359,notfound
53361,notfound
53362,notfound
53363,notfound
53364,notfound
53372,notfound
53376,notfound
53383,notfound
53384,notfound
53396,notfound
53399,notfound
53405,notfound
53409,notfound
53410,notfound
53428,notfound
53431,notfound
53436,notfound
53437,notfound
53443,notfound
53446,notfound
53450,notfound
53453,notfound
53454,notfound
53455,notfound
53461,notfound
53468,notfound
53469,notfound
53471,notfound
53477,notfound
53481,notfound
53491,notfound
53498,notfound
53501,notfound
53504,notfound
53512,notfound
53515,notfound
53523,notfound
53528,notfound
53531,notfound
53535,notfound
53538,notfound
53539,notfound
53540,notfound
53543,notfound
53546,notfound
53551,notfound
53552,notfound
53562,notfound
53567,notfound
53569,notfound
53571,notfound
53573,notfound
53575,notfound
53576,notfound
53584,notfound
53594,notfound
53599,notfound
53607,notfound
53612,notfound
53636,notfound
53638,notfound
53641,notfound
53646,notfound
53650,notfound
53665,notfound
53667,notfound
53674,notfound
53678,notfound
53689,notfound
53691,notfound
53697,notfound
53698,notfound
53703,notfound
53715,notfound
53733,notfound
53751,notfound
53752,notfound
53757,notfound
53760,notfound
53761,notfound
53765,notfound
53771,notfound
53774,notfound
53781,notfound
53786,notfound
53791,notfound
53792,notfound
53793,notfound
53794,notfound
53798,notfound
53799,notfound
53801,notfound
53810,notfound
53820,notfound
53825,notfound
53829,notfound
53834,notfound
53838,notfound
53840,notfound
53841,notfound
53854,notfound
53862,notfound
53863,notfound
53865,notfound
53872,notfound
53874,notfound
53885,notfound
53887,notfound
53892,notfound
53896,notfound
53898,notfound
53908,notfound
53922,notfound
53924,notfound
53929,notfound
53936,notfound
53938,notfound
53955,notfound
53958,notfound
53960,notfound
53968,notfound
53972,notfound
53975,notfound
53977,notfound
53978,notfound
53979,notfound
53982,notfound
53988,notfound
53990,notfound
53992,notfound
53997,notfound
54002,notfound
54004,notfound
54009,notfound
54011,notfound
54040,notfound
54041,notfound
54045,notfound
54058,notfound
54060,notfound
54072,notfound
54074,notfound
54077,notfound
54082,notfound
54093,notfound
54094,notfound
54104,notfound
54112,notfound
54118,notfound
54123,notfound
54124,notfound
54130,notfound
54139,notfound
54149,notfound
54150,notfound
54156,notfound
54161,notfound
54162,notfound
54183,notfound
54186,notfound
54190,notfound
54193,notfound
54199,notfound
54202,notfound
54203,notfound
54209,notfound
54216,notfound
54225,notfound
54227,notfound
54238,notfound
54241,notfound
54248,notfound
54253,notfound
54266,notfound
54267,notfound
54268,notfound
54270,notfound
54275,notfound
54276,notfound
54278,notfound
54287,notfound
54290,notfound
54295,notfound
54302,notfound
54303,notfound
54320,notfound
54321,notfound
54336,notfound
54349,notfound
54351,notfound
54356,notfound
54357,notfound
54370,notfound
54400,notfound
54401,notfound
54412,notfound
54427,notfound
54430,notfound
54439,notfound
54441,notfound
54446,notfound
54448,notfound
54452,notfound
54453,notfound
54456,notfound
54458,notfound
54460,notfound
54466,notfound
54468,notfound
54485,notfound
54489,notfound
54491,notfound
54492,notfound
54496,notfound
54509,notfound
54512,notfound
54525,notfound
54526,notfound
54529,notfound
54534,notfound
54542,notfound
54550,notfound
54552,notfound
54557,notfound
54561,notfound
54563,notfound
54566,notfound
54587,notfound
54591,notfound
54600,notfound
54602,notfound
54615,notfound
54617,notfound
54620,notfound
54630,notfound
54641,notfound
54648,notfound
54687,notfound
54694,notfound
54695,notfound
54700,notfound
54717,notfound
54720,notfound
54736,notfound
54741,notfound
54749,notfound
54750,notfound
54751,notfound
54755,notfound
54765,notfound
54785,notfound
54796,notfound
54797,notfound
54800,notfound
54803,notfound
54808,notfound
54813,notfound
54814,notfound
54827,notfound
54833,notfound
54839,notfound
54848,notfound
54855,notfound
54861,notfound
54893,notfound
54894,notfound
54896,notfound
54899,notfound
54924,notfound
54927,notfound
54946,notfound
54962,notfound
54963,notfound
54968,notfound
54977,notfound
54985,notfound
54986,notfound
54989,notfound
54990,notfound
54992,notfound
54996,notfound
55010,notfound
55016,notfound
55036,notfound
55037,notfound
55045,notfound
55048,notfound
55052,notfound
55060,notfound
55062,notfound
55074,notfound
55078,notfound
55080,notfound
55082,notfound
55084,notfound
55109,notfound
55111,notfound
55114,notfound
55123,notfound
55127,notfound
55128,notfound
55129,notfound
55136,notfound
55141,notfound
55145,notfound
55184,notfound
55186,notfound
55187,notfound
55189,notfound
55198,notfound
55200,notfound
55212,notfound
55222,notfound
55229,notfound
55234,notfound
55235,notfound
55239,notfound
55243,notfound
55268,notfound
55269,notfound
55271,notfound
55276,notfound
55277,notfound
55285,notfound
55286,notfound
55296,notfound
55316,notfound
55320,notfound
55322,notfound
55337,notfound
55339,notfound
55345,notfound
55355,notfound
55372,notfound
55375,notfound
55384,notfound
55390,notfound
55399,notfound
55404,notfound
55407,notfound
55415,notfound
55424,notfound
55438,notfound
55446,notfound
55459,notfound
55461,notfound
55463,notfound
55471,notfound
55483,notfound
55494,notfound
55498,notfound
55500,notfound
55507,notfound
55509,notfound
55519,notfound
55524,notfound
55526,notfound
55535,notfound
55536,notfound
55542,notfound
55544,notfound
55545,notfound
55549,notfound
55551,notfound
55552,notfound
55558,notfound
55591,notfound
55604,notfound
55610,notfound
55613,notfound
55614,notfound
55618,notfound
55624,notfound
55634,notfound
55635,notfound
55639,notfound
55643,notfound
55646,notfound
55652,notfound
55658,notfound
55660,notfound
55665,notfound
55668,notfound
55681,notfound
55689,notfound
55692,notfound
55694,notfound
55697,notfound
55699,notfound
55701,notfound
55718,notfound
55734,notfound
55752,notfound
55758,notfound
55770,notfound
55780,notfound
55792,notfound
55795,notfound
55816,notfound
55817,notfound
55818,notfound
55826,notfound
55829,notfound
55839,notfound
55845,notfound
55856,notfound
55863,notfound
55864,notfound
55872,notfound
55874,notfound
55875,notfound
55876,notfound
55880,notfound
55883,notfound
55885,notfound
55886,notfound
55887,notfound
55901,notfound
55907,notfound
55913,notfound
55920,notfound
55925,notfound
55930,notfound
55938,notfound
55944,notfound
55968,notfound
55971,notfound
55974,notfound
55979,notfound
55987,notfound
55988,notfound
55995,notfound
55996,notfound
56000,notfound
56001,notfound
56002,notfound
56013,notfound
56018,notfound
56061,notfound
56065,notfound
56076,notfound
56079,notfound
56080,notfound
56088,notfound
56089,notfound
56093,notfound
56101,notfound
56110,notfound
56112,notfound
56135,notfound
56142,notfound
56148,notfound
56152,notfound
56154,notfound
56159,notfound
56165,notfound
56175,notfound
56179,notfound
56180,notfound
56193,notfound
56200,notfound
56202,notfound
56220,notfound
56232,notfound
56265,notfound
56267,notfound
56271,notfound
56281,notfound
56285,notfound
56287,notfound
56290,notfound
56294,notfound
56297,notfound
56299,notfound
56332,notfound
56334,notfound
56337,notfound
56341,notfound
56342,notfound
56353,notfound
56354,notfound
56365,notfound
56368,notfound
56397,notfound
56415,notfound
56424,notfound
56426,notfound
56427,notfound
56429,notfound
56435,notfound
56442,notfound
56450,timeout
56463,notfound
56469,notfound
56472,notfound
56477,notfound
56481,notfound
56483,notfound
56485,notfound
56486,notfound
56487,notfound
56491,notfound
56497,notfound
56502,notfound
56508,notfound
56514,notfound
56529,notfound
56540,notfound
56562,notfound
56587,notfound
56589,notfound
56591,notfound
56592,notfound
56600,notfound
56611,notfound
56617,notfound
56628,notfound
56632,notfound
56636,notfound
56638,notfound
56649,notfound
56651,notfound
56657,notfound
56659,notfound
56670,notfound
56676,notfound
56677,notfound
56680,notfound
56691,notfound
56692,notfound
56696,notfound
56698,notfound
56702,notfound
56706,notfound
56722,notfound
56735,notfound
56745,notfound
56747,notfound
56750,notfound
56758,notfound
56764,notfound
56765,notfound
56770,notfound
56772,notfound
56776,notfound
56780,notfound
56796,notfound
56800,notfound
56809,notfound
56810,notfound
56813,notfound
56815,notfound
56817,notfound
56821,notfound
56828,notfound
56830,notfound
56837,notfound
56851,notfound
56861,notfound
56862,notfound
56872,notfound
56879,notfound
56887,notfound
56901,notfound
56910,notfound
56911,notfound
56915,notfound
56916,notfound
56929,notfound
56930,notfound
56934,notfound
56940,notfound
56963,notfound
56965,notfound
56968,notfound
56977,notfound
56993,notfound
56997,notfound
57002,notfound
57003,notfound
57007,notfound
57009,notfound
57012,notfound
57013,notfound
57025,notfound
57028,notfound
57035,notfound
57039,notfound
57043,notfound
57046,notfound
57047,notfound
57050,notfound
57054,notfound
57060,notfound
57069,notfound
57072,notfound
57074,notfound
57075,notfound
57077,notfound
57082,notfound
57088,notfound
57100,notfound
57120,notfound
57128,notfound
57157,notfound
57162,notfound
57163,notfound
57164,notfound
57166,notfound
57175,notfound
57188,notfound
57210,notfound
57213,notfound
57218,notfound
57225,notfound
57226,notfound
57229,notfound
57240,notfound
57242,notfound
57248,notfound
57250,notfound
57252,notfound
57267,notfound
57270,notfound
57274,notfound
57276,notfound
57297,notfound
57299,notfound
57315,notfound
57316,notfound
57318,notfound
57319,notfound
57321,notfound
57327,notfound
57332,notfound
57339,notfound
57350,notfound
57357,notfound
57362,notfound
57367,notfound
57373,notfound
57380,notfound
57393,notfound
57410,notfound
57411,notfound
57413,notfound
57419,notfound
57422,notfound
57426,notfound
57434,notfound
57440,notfound
57444,notfound
57453,notfound
57454,notfound
57456,notfound
57458,notfound
57462,notfound
57464,notfound
57470,notfound
57475,notfound
57484,notfound
57497,notfound
57502,notfound
57506,notfound
57516,notfound
57522,notfound
57525,notfound
57529,notfound
57538,notfound
57541,notfound
57548,notfound
57551,notfound
57553,notfound
57554,notfound
57561,notfound
57568,notfound
57569,notfound
57573,notfound
57593,notfound
57594,notfound
57607,notfound
57626,notfound
57635,notfound
57651,notfound
57657,notfound
57658,notfound
57660,notfound
57669,notfound
57672,notfound
57691,notfound
57693,notfound
57702,notfound
57705,notfound
57707,notfound
57716,notfound
57717,notfound
57723,notfound
57730,notfound
57739,notfound
57749,notfound
57759,notfound
57779,notfound
57780,notfound
57794,notfound
57795,notfound
57806,notfound
57808,notfound
57813,notfound
57819,notfound
57823,notfound
57824,notfound
57839,notfound
57843,notfound
57859,notfound
57863,notfound
57874,notfound
57881,notfound
57887,notfound
57898,notfound
57899,notfound
57900,notfound
57912,notfound
57919,notfound
57920,notfound
57926,notfound
57930,notfound
57931,notfound
57933,notfound
57936,notfound
57940,notfound
57943,notfound
57947,notfound
57948,notfound
57954,notfound
57974,notfound
57989,notfound
57997,notfound
57999,notfound
58005,notfound
58010,notfound
58011,notfound
58023,notfound
58028,notfound
58035,notfound
58039,notfound
58049,notfound
58053,notfound
58056,notfound
58063,notfound
58100,notfound
58113,notfound
58124,notfound
58127,notfound
58131,notfound
58139,notfound
58158,notfound
58160,notfound
58185,notfound
58188,notfound
58194,notfound
58197,notfound
58209,notfound
58214,notfound
58216,notfound
58226,notfound
58235,notfound
58241,notfound
58247,notfound
58254,notfound
58258,notfound
58268,notfound
58273,notfound
58277,notfound
58282,notfound
58295,notfound
58300,notfound
58303,notfound
58306,notfound
58308,notfound
58311,notfound
58321,notfound
58328,notfound
58332,notfound
58333,notfound
58334,notfound
58346,notfound
58349,notfound
58357,notfound
58358,notfound
58363,notfound
58373,notfound
58375,notfound
58380,notfound
58386,notfound
58399,notfound
58414,notfound
58419,notfound
58422,notfound
58423,notfound
58427,notfound
58432,notfound
58437,notfound
58438,notfound
58439,notfound
58441,notfound
58442,notfound
58444,notfound
58446,notfound
58455,notfound
58467,notfound
58471,notfound
58475,notfound
58482,notfound
58488,notfound
58489,notfound
58490,notfound
58502,notfound
58504,notfound
58511,notfound
58519,notfound
58520,notfound
58524,notfound
58527,notfound
58531,notfound
58560,notfound
58561,notfound
58581,notfound
58593,notfound
58595,notfound
58611,notfound
58628,notfound
58660,notfound
58664,notfound
58669,notfound
58681,notfound
58685,notfound
58707,notfound
58713,notfound
58723,notfound
58725,notfound
58738,notfound
58740,notfound
58760,notfound
58772,notfound
58782,notfound
58800,notfound
58809,notfound
58816,notfound
58820,notfound
58827,notfound
58838,notfound
58840,notfound
58847,notfound
58850,notfound
58857,notfound
58878,notfound
58881,notfound
58886,notfound
58890,notfound
58926,notfound
58929,notfound
58935,notfound
58939,notfound
58940,notfound
58941,notfound
58945,notfound
58948,notfound
58950,notfound
58954,notfound
58992,notfound
58993,notfound
58994,notfound
58996,notfound
59000,notfound
59011,notfound
59016,notfound
59034,notfound
59037,notfound
59041,notfound
59043,notfound
59056,notfound
59066,notfound
59114,notfound
59134,notfound
59140,notfound
59142,notfound
59145,notfound
59148,notfound
59157,notfound
59162,notfound
59165,notfound
59170,notfound
59187,notfound
59231,notfound
59234,notfound
59242,notfound
59253,notfound
59257,notfound
59300,notfound
59308,notfound
59326,notfound
59338,notfound
59341,notfound
59343,notfound
59349,notfound
59355,notfound
59358,notfound
59370,notfound
59384,notfound
59403,notfound
59406,notfound
59424,notfound
59426,notfound
59444,notfound
59454,notfound
59461,notfound
59478,notfound
59480,notfound
59485,notfound
59490,notfound
59492,notfound
59505,notfound
59520,notfound
59527,notfound
59535,notfound
59540,notfound
59544,notfound
59548,notfound
59563,notfound
59573,notfound
59578,notfound
59580,notfound
59584,notfound
59589,notfound
59601,notfound
59622,notfound
59624,notfound
59625,notfound
59626,notfound
59628,notfound
59631,notfound
59634,notfound
59635,notfound
59643,notfound
59645,notfound
59652,notfound
59659,notfound
59685,notfound
59688,notfound
59689,notfound
59692,notfound
59697,notfound
59701,notfound
59702,notfound
59719,notfound
59723,notfound
59724,notfound
59727,notfound
59735,notfound
59741,notfound
59744,notfound
59749,notfound
59759,notfound
59774,notfound
59792,notfound
59806,notfound
59813,notfound
59815,notfound
59817,notfound
59818,notfound
59821,notfound
59823,notfound
59829,notfound
59832,notfound
59841,notfound
59847,notfound
59851,notfound
59867,notfound
59876,notfound
59879,notfound
59928,notfound
59929,notfound
59930,notfound
59933,notfound
59942,notfound
59950,notfound
59953,notfound
59954,notfound
59957,notfound
59976,notfound
59984,notfound
59985,notfound
